srcStateName,srcYear,Number of Domestic Tourist Visits,Number of Foreign Tourist Visits,Percentage share of Domestic Tourist Visits ( % ),Percentage share of Foreign Tourist Visits ( % ),Rank of different States or UTs in Domestic Tourist Visits,Rank of different States or UTs in Foreign Tourist Visits,YearCode,Year
A&N Island,2011,202221,15814,0.02,0.08,31,25,2011,"Calendar Year (Jan - Dec), 2011"
West Bengal,2011,22256968,1213270,2.62,6.22,9,6,2011,"Calendar Year (Jan - Dec), 2011"
Uttarakhand,2011,25946254,124653,3.05,0.64,8,17,2011,"Calendar Year (Jan - Dec), 2011"
Uttar Pradesh,2011,155430364,1887095,18.27,9.68,1,4,2011,"Calendar Year (Jan - Dec), 2011"
Tripura,2011,359515,6046,0.04,0.03,29,26,2011,"Calendar Year (Jan - Dec), 2011"
Tamil Nadu,2011,137512991,3373870,16.16,17.31,3,2,2011,"Calendar Year (Jan - Dec), 2011"
Sikkim,2011,552453,23602,0.06,0.12,27,23,2011,"Calendar Year (Jan - Dec), 2011"
Rajasthan,2011,27137323,1351974,3.19,6.94,7,5,2011,"Calendar Year (Jan - Dec), 2011"
Punjab,2011,16416638,150958,1.93,0.77,12,15,2011,"Calendar Year (Jan - Dec), 2011"
Puducherry,2011,897896,52298,0.11,0.27,23,21,2011,"Calendar Year (Jan - Dec), 2011"
Odisha,2011,8271257,60722,0.97,0.31,18,20,2011,"Calendar Year (Jan - Dec), 2011"
Nagaland,2011,25391,2080,0,0.01,34,30,2011,"Calendar Year (Jan - Dec), 2011"
Mizoram,2011,62174,658,0.01,0.01,33,33,2011,"Calendar Year (Jan - Dec), 2011"
Meghalaya,2011,667504,4803,0.08,0.03,25,27,2011,"Calendar Year (Jan - Dec), 2011"
Manipur,2011,134505,578,0.02,0,32,34,2011,"Calendar Year (Jan - Dec), 2011"
Maharashtra,2011,55333467,4815421,6.57,24.7,5,1,2011,"Calendar Year (Jan - Dec), 2011"
Madhya Pradesh,2011,44119820,269559,5.19,1.38,6,12,2011,"Calendar Year (Jan - Dec), 2011"
Lakshadweep,2011,9424,567,0,0,35,35,2011,"Calendar Year (Jan - Dec), 2011"
Kerala,2011,9381455,732985,1.1,3.76,17,8,2011,"Calendar Year (Jan - Dec), 2011"
Karnataka,2011,84107390,574005,9.89,2.94,4,9,2011,"Calendar Year (Jan - Dec), 2011"
Jharkhand,2011,10796286,72467,1.27,0.37,16,18,2011,"Calendar Year (Jan - Dec), 2011"
Jammu & Kashmir,2011,13071531,71593,1.54,0.37,15,19,2011,"Calendar Year (Jan - Dec), 2011"
Himachal Pradesh,2011,14604888,484518,1.72,2.49,14,10,2011,"Calendar Year (Jan - Dec), 2011"
Haryana,2011,5988062,130435,0.7,0.67,19,16,2011,"Calendar Year (Jan - Dec), 2011"
Gujarat,2011,21017478,166042,2.47,0.85,10,14,2011,"Calendar Year (Jan - Dec), 2011"
Goa,2011,2225002,445935,0.26,2.29,21,11,2011,"Calendar Year (Jan - Dec), 2011"
Delhi,2011,15428865,2159925,1.81,11.08,13,3,2011,"Calendar Year (Jan - Dec), 2011"
Daman & Diu,2011,832906,4484,0.1,0.02,24,29,2011,"Calendar Year (Jan - Dec), 2011"
Dadra & Nagar Haveli,2011,422265,1412,0.05,0.01,28,32,2011,"Calendar Year (Jan - Dec), 2011"
Chhattisgarh,2011,644425,1726,0.08,0.01,26,31,2011,"Calendar Year (Jan - Dec), 2011"
Chandigarh,2011,909904,37181,0.11,0.19,22,22,2011,"Calendar Year (Jan - Dec), 2011"
Bihar,2011,18397490,972487,2.16,4.99,11,7,2011,"Calendar Year (Jan - Dec), 2011"
Assam,2011,4339485,16400,0.51,0.08,20,24,2011,"Calendar Year (Jan - Dec), 2011"
Arunachal Pradesh,2011,233227,4753,0.03,0.02,30,28,2011,"Calendar Year (Jan - Dec), 2011"
Andhra Pradesh,2011,153119816,264563,18,1.36,2,13,2011,"Calendar Year (Jan - Dec), 2011"
Chandigarh,2012,924589,34130,0.09,0.16,24,21,2012,"Calendar Year (Jan - Dec), 2012"
West Bengal,2012,22730205,1219610,2.19,5.88,10,6,2012,"Calendar Year (Jan - Dec), 2012"
Uttarakhand,2012,26827329,124555,2.59,0.6,8,17,2012,"Calendar Year (Jan - Dec), 2012"
Uttar Pradesh,2012,168381276,1994495,16.25,9.62,3,4,2012,"Calendar Year (Jan - Dec), 2012"
Tripura,2012,361786,7840,0.03,0.04,29,26,2012,"Calendar Year (Jan - Dec), 2012"
Tamil Nadu,2012,184136840,3561740,17.77,17.18,2,2,2012,"Calendar Year (Jan - Dec), 2012"
Sikkim,2012,558538,26489,0.05,0.13,27,23,2012,"Calendar Year (Jan - Dec), 2012"
Rajasthan,2012,28611831,1451370,2.76,7,7,5,2012,"Calendar Year (Jan - Dec), 2012"
Punjab,2012,19056143,143805,1.84,0.69,13,16,2012,"Calendar Year (Jan - Dec), 2012"
Puducherry,2012,981714,52931,0.09,0.26,23,20,2012,"Calendar Year (Jan - Dec), 2012"
Odisha,2012,9052871,64719,0.87,0.31,19,19,2012,"Calendar Year (Jan - Dec), 2012"
Nagaland,2012,35915,2489,0,0.01,34,31,2012,"Calendar Year (Jan - Dec), 2012"
Mizoram,2012,64249,744,0.01,0,33,34,2012,"Calendar Year (Jan - Dec), 2012"
Meghalaya,2012,680254,5313,0.07,0.03,26,27,2012,"Calendar Year (Jan - Dec), 2012"
Manipur,2012,134541,749,0.01,0,32,33,2012,"Calendar Year (Jan - Dec), 2012"
Maharashtra,2012,66330229,5120287,6.4,24.7,5,1,2012,"Calendar Year (Jan - Dec), 2012"
Madhya Pradesh,2012,53197209,275930,5.13,1.33,6,13,2012,"Calendar Year (Jan - Dec), 2012"
Lakshadweep,2012,4417,580,0,0,35,35,2012,"Calendar Year (Jan - Dec), 2012"
Kerala,2012,10076854,793696,0.97,3.83,18,8,2012,"Calendar Year (Jan - Dec), 2012"
Karnataka,2012,94052729,595359,9.08,2.87,4,9,2012,"Calendar Year (Jan - Dec), 2012"
Jharkhand,2012,20421016,31909,1.97,0.15,12,22,2012,"Calendar Year (Jan - Dec), 2012"
Jammu & Kashmir,2012,12427122,78802,1.2,0.38,17,18,2012,"Calendar Year (Jan - Dec), 2012"
Himachal Pradesh,2012,15646048,500284,1.51,2.41,15,10,2012,"Calendar Year (Jan - Dec), 2012"
Haryana,2012,6799242,233002,0.66,1.12,20,14,2012,"Calendar Year (Jan - Dec), 2012"
Gujarat,2012,24379023,174150,2.35,0.84,9,15,2012,"Calendar Year (Jan - Dec), 2012"
Goa,2012,2337499,450530,0.23,2.17,22,11,2012,"Calendar Year (Jan - Dec), 2012"
Delhi,2012,18495139,2345980,1.78,11.32,14,3,2012,"Calendar Year (Jan - Dec), 2012"
Daman & Diu,2012,803963,4607,0.08,0.02,25,29,2012,"Calendar Year (Jan - Dec), 2012"
Dadra & Nagar Haveli,2012,469213,1234,0.05,0.01,28,32,2012,"Calendar Year (Jan - Dec), 2012"
Chhattisgarh,2012,15036530,4172,1.45,0.02,16,30,2012,"Calendar Year (Jan - Dec), 2012"
Bihar,2012,21447099,1096933,2.07,5.29,11,7,2012,"Calendar Year (Jan - Dec), 2012"
Assam,2012,4511407,17543,0.44,0.08,21,24,2012,"Calendar Year (Jan - Dec), 2012"
Arunachal Pradesh,2012,317243,5135,0.03,0.02,30,28,2012,"Calendar Year (Jan - Dec), 2012"
Andhra Pradesh,2012,206817895,292845,19.96,1.41,1,12,2012,"Calendar Year (Jan - Dec), 2012"
A&N Island,2012,238699,17538,0.02,0.08,31,25,2012,"Calendar Year (Jan - Dec), 2012"
Arunachal Pradesh,2013,125461,10846,0.01,0.05,32,27,2013,"Calendar Year (Jan - Dec), 2013"
West Bengal,2013,25547300,1245230,2.23,6.24,9,6,2013,"Calendar Year (Jan - Dec), 2013"
Uttarakhand,2013,19941128,97683,1.74,0.49,15,17,2013,"Calendar Year (Jan - Dec), 2013"
Uttar Pradesh,2013,226531091,2054420,19.75,10.3,2,4,2013,"Calendar Year (Jan - Dec), 2013"
Tripura,2013,359586,11853,0.03,0.06,29,26,2013,"Calendar Year (Jan - Dec), 2013"
Tamil Nadu,2013,244232487,3990490,21.34,20,1,2,2013,"Calendar Year (Jan - Dec), 2013"
Sikkim,2013,576749,31698,0.05,0.16,27,23,2013,"Calendar Year (Jan - Dec), 2013"
Rajasthan,2013,30298150,1437162,2.65,7.2,7,5,2013,"Calendar Year (Jan - Dec), 2013"
Punjab,2013,21340888,204074,1.86,1.02,12,15,2013,"Calendar Year (Jan - Dec), 2013"
Puducherry,2013,1000277,42624,0.09,0.21,23,21,2013,"Calendar Year (Jan - Dec), 2013"
Odisha,2013,9800135,66675,0.86,0.33,19,18,2013,"Calendar Year (Jan - Dec), 2013"
Nagaland,2013,35638,3304,0,0.02,34,31,2013,"Calendar Year (Jan - Dec), 2013"
Mizoram,2013,63377,800,0.01,0,33,34,2013,"Calendar Year (Jan - Dec), 2013"
Meghalaya,2013,691269,6713,0.06,0.03,26,28,2013,"Calendar Year (Jan - Dec), 2013"
Manipur,2013,140673,1908,0.01,0.01,31,32,2013,"Calendar Year (Jan - Dec), 2013"
Maharashtra,2013,82700556,4156343,7.22,20.84,5,1,2013,"Calendar Year (Jan - Dec), 2013"
Madhya Pradesh,2013,63110709,280333,5.51,1.41,6,12,2013,"Calendar Year (Jan - Dec), 2013"
A&N Island,2013,243703,14742,0.02,0.07,30,25,2013,"Calendar Year (Jan - Dec), 2013"
Lakshadweep,2013,4784,371,0,0,35,35,2013,"Calendar Year (Jan - Dec), 2013"
Kerala,2013,10857811,858143,0.95,4.3,18,7,2013,"Calendar Year (Jan - Dec), 2013"
Karnataka,2013,98010140,636378,8.56,3.19,4,9,2013,"Calendar Year (Jan - Dec), 2013"
Jharkhand,2013,20511160,45995,1.79,0.23,13,20,2013,"Calendar Year (Jan - Dec), 2013"
Jammu & Kashmir,2013,13642402,60845,1.19,0.3,17,19,2013,"Calendar Year (Jan - Dec), 2013"
Himachal Pradesh,2013,14715586,414249,1.28,2.08,16,11,2013,"Calendar Year (Jan - Dec), 2013"
Haryana,2013,7128027,228200,0.62,1.14,20,13,2013,"Calendar Year (Jan - Dec), 2013"
Gujarat,2013,27412517,198773,2.39,1,8,16,2013,"Calendar Year (Jan - Dec), 2013"
Goa,2013,2629151,492322,0.23,2.47,22,10,2013,"Calendar Year (Jan - Dec), 2013"
Delhi,2013,20215187,2301395,1.77,11.5,14,3,2013,"Calendar Year (Jan - Dec), 2013"
Daman & Diu,2013,819947,4814,0.07,0.02,25,29,2013,"Calendar Year (Jan - Dec), 2013"
Dadra & Nagar Haveli,2013,481618,1582,0.04,0.01,28,33,2013,"Calendar Year (Jan - Dec), 2013"
Andhra Pradesh,2013,152102150,223518,13.28,1.12,3,14,2013,"Calendar Year (Jan - Dec), 2013"
Chhattisgarh,2013,22801031,3886,1.99,0.02,10,30,2013,"Calendar Year (Jan - Dec), 2013"
Chandigarh,2013,936922,40124,0.08,0.2,24,22,2013,"Calendar Year (Jan - Dec), 2013"
Bihar,2013,21588306,765835,1.88,3.84,11,8,2013,"Calendar Year (Jan - Dec), 2013"
Assam,2013,4684527,17636,0.41,0.09,21,24,2013,"Calendar Year (Jan - Dec), 2013"
Lakshadweep,2014,7315,514,0,0,36,36,2014,"Calendar Year (Jan - Dec), 2014"
A&N Island,2014,285146,17235,0.02,0.08,31,27,2014,"Calendar Year (Jan - Dec), 2014"
Andhra Pradesh,2014,93306974,66333,7.23,0.29,5,22,2014,"Calendar Year (Jan - Dec), 2014"
Arunachal Pradesh,2014,180964,5204,0.01,0.02,32,30,2014,"Calendar Year (Jan - Dec), 2014"
Assam,2014,4826702,21537,0.37,0.1,22,26,2014,"Calendar Year (Jan - Dec), 2014"
Bihar,2014,22544377,829508,1.75,3.68,15,8,2014,"Calendar Year (Jan - Dec), 2014"
Chandigarh,2014,1061419,28365,0.08,0.13,25,24,2014,"Calendar Year (Jan - Dec), 2014"
Chhattisgarh,2014,24488465,7777,1.9,0.03,12,29,2014,"Calendar Year (Jan - Dec), 2014"
Dadra & Nagar Haveli,2014,579638,1799,0.04,0.01,28,34,2014,"Calendar Year (Jan - Dec), 2014"
Daman & Diu,2014,795167,4620,0.06,0.02,26,31,2014,"Calendar Year (Jan - Dec), 2014"
Delhi,2014,22626859,2319046,1.75,10.28,14,4,2014,"Calendar Year (Jan - Dec), 2014"
Goa,2014,3544634,513592,0.27,2.28,23,11,2014,"Calendar Year (Jan - Dec), 2014"
Gujarat,2014,30912043,235524,2.4,1.04,11,15,2014,"Calendar Year (Jan - Dec), 2014"
Haryana,2014,13442944,547367,1.04,2.43,18,10,2014,"Calendar Year (Jan - Dec), 2014"
Himachal Pradesh,2014,15924701,389699,1.23,1.73,17,12,2014,"Calendar Year (Jan - Dec), 2014"
Jammu & Kashmir,2014,9438544,86477,0.73,0.38,21,18,2014,"Calendar Year (Jan - Dec), 2014"
Jharkhand,2014,33427144,154731,2.59,0.69,9,16,2014,"Calendar Year (Jan - Dec), 2014"
Karnataka,2014,118283220,561870,9.17,2.49,3,9,2014,"Calendar Year (Jan - Dec), 2014"
Kerala,2014,11695411,923366,0.91,4.09,19,7,2014,"Calendar Year (Jan - Dec), 2014"
Madhya Pradesh,2014,63614525,316195,4.93,1.4,7,13,2014,"Calendar Year (Jan - Dec), 2014"
Maharashtra,2014,94127124,4389098,7.3,19.45,4,2,2014,"Calendar Year (Jan - Dec), 2014"
Manipur,2014,115499,2769,0.01,0.01,33,33,2014,"Calendar Year (Jan - Dec), 2014"
Meghalaya,2014,716469,8664,0.06,0.04,27,28,2014,"Calendar Year (Jan - Dec), 2014"
Mizoram,2014,68203,836,0.01,0,34,35,2014,"Calendar Year (Jan - Dec), 2014"
Nagaland,2014,58413,3679,0,0.02,35,32,2014,"Calendar Year (Jan - Dec), 2014"
Odisha,2014,10790622,71426,0.84,0.32,20,21,2014,"Calendar Year (Jan - Dec), 2014"
Puducherry,2014,1188093,83291,0.09,0.37,24,19,2014,"Calendar Year (Jan - Dec), 2014"
Punjab,2014,24271302,255449,1.88,1.13,13,14,2014,"Calendar Year (Jan - Dec), 2014"
Rajasthan,2014,33076491,1525574,2.56,6.76,10,5,2014,"Calendar Year (Jan - Dec), 2014"
Sikkim,2014,562418,49175,0.04,0.22,29,23,2014,"Calendar Year (Jan - Dec), 2014"
Tamil Nadu,2014,327555233,4657630,25.39,20.64,1,1,2014,"Calendar Year (Jan - Dec), 2014"
Tripura,2014,361247,26688,0.03,0.12,30,25,2014,"Calendar Year (Jan - Dec), 2014"
Telangana,2014,72399113,75171,5.61,0.33,6,20,2014,"Calendar Year (Jan - Dec), 2014"
Uttar Pradesh,2014,182820108,2909735,14.17,12.89,2,3,2014,"Calendar Year (Jan - Dec), 2014"
Uttarakhand,2014,21991315,101966,1.7,0.45,16,17,2014,"Calendar Year (Jan - Dec), 2014"
West Bengal,2014,49029590,1375740,3.8,6.1,8,6,2014,"Calendar Year (Jan - Dec), 2014"
A&N Island,2015,296684,14674,0.02,0.06,32,27,2015,"Calendar Year (Jan - Dec), 2015"
West Bengal,2015,70193450,1489500,4.9,6.39,8,5,2015,"Calendar Year (Jan - Dec), 2015"
Uttarakhand,2015,29496938,105882,2.06,0.45,12,20,2015,"Calendar Year (Jan - Dec), 2015"
Uttar Pradesh,2015,204888457,3104062,14.31,13.31,2,3,2015,"Calendar Year (Jan - Dec), 2015"
Tripura,2015,363172,34886,0.03,0.15,30,24,2015,"Calendar Year (Jan - Dec), 2015"
Telangana,2015,94516316,126078,6.6,0.54,6,18,2015,"Calendar Year (Jan - Dec), 2015"
Tamil Nadu,2015,333459047,4684707,23.29,20.08,1,1,2015,"Calendar Year (Jan - Dec), 2015"
Sikkim,2015,705023,38479,0.05,0.16,28,23,2015,"Calendar Year (Jan - Dec), 2015"
Rajasthan,2015,35187573,1475311,2.46,6.32,10,6,2015,"Calendar Year (Jan - Dec), 2015"
Punjab,2015,25796361,242367,1.8,1.04,14,15,2015,"Calendar Year (Jan - Dec), 2015"
Puducherry,2015,1297192,106153,0.09,0.46,24,19,2015,"Calendar Year (Jan - Dec), 2015"
Odisha,2015,11786117,66971,0.82,0.29,19,21,2015,"Calendar Year (Jan - Dec), 2015"
Nagaland,2015,64616,2769,0,0.01,35,33,2015,"Calendar Year (Jan - Dec), 2015"
Mizoram,2015,66605,798,0,0,34,36,2015,"Calendar Year (Jan - Dec), 2015"
Meghalaya,2015,751165,8027,0.05,0.03,27,28,2015,"Calendar Year (Jan - Dec), 2015"
Manipur,2015,146169,3260,0.01,0.01,33,32,2015,"Calendar Year (Jan - Dec), 2015"
Maharashtra,2015,103403934,4408916,7.22,18.9,5,2,2015,"Calendar Year (Jan - Dec), 2015"
Madhya Pradesh,2015,77975738,421365,5.45,1.81,7,11,2015,"Calendar Year (Jan - Dec), 2015"
Lakshadweep,2015,17241,1173,0,0.01,36,35,2015,"Calendar Year (Jan - Dec), 2015"
Kerala,2015,12465571,977479,0.87,4.19,18,7,2015,"Calendar Year (Jan - Dec), 2015"
Karnataka,2015,119863942,636502,8.37,2.73,4,9,2015,"Calendar Year (Jan - Dec), 2015"
Jammu & Kashmir,2015,9145016,58568,0.64,0.25,20,22,2015,"Calendar Year (Jan - Dec), 2015"
Jharkhand,2015,33079530,167785,2.31,0.72,11,17,2015,"Calendar Year (Jan - Dec), 2015"
Himachal Pradesh,2015,17125045,406108,1.2,1.74,17,12,2015,"Calendar Year (Jan - Dec), 2015"
Haryana,2015,7395496,303118,0.52,1.3,21,13,2015,"Calendar Year (Jan - Dec), 2015"
Gujarat,2015,36288463,284973,2.53,1.22,9,14,2015,"Calendar Year (Jan - Dec), 2015"
Goa,2015,4756422,541480,0.33,2.32,23,10,2015,"Calendar Year (Jan - Dec), 2015"
Delhi,2015,25258051,2379169,1.76,10.2,15,4,2015,"Calendar Year (Jan - Dec), 2015"
Daman & Diu,2015,790711,5858,0.06,0.03,26,30,2015,"Calendar Year (Jan - Dec), 2015"
Dadra & Nagar Haveli,2015,527782,1797,0.04,0.01,29,34,2015,"Calendar Year (Jan - Dec), 2015"
Chhattisgarh,2015,18327841,6394,1.28,0.03,16,29,2015,"Calendar Year (Jan - Dec), 2015"
Chandigarh,2015,1073842,29538,0.07,0.13,25,25,2015,"Calendar Year (Jan - Dec), 2015"
Bihar,2015,28029118,923737,1.96,3.96,13,8,2015,"Calendar Year (Jan - Dec), 2015"
Assam,2015,5491845,24720,0.38,0.11,22,26,2015,"Calendar Year (Jan - Dec), 2015"
Arunachal Pradesh,2015,352067,5705,0.02,0.02,31,31,2015,"Calendar Year (Jan - Dec), 2015"
Andhra Pradesh,2015,121591054,237854,8.49,1.02,3,16,2015,"Calendar Year (Jan - Dec), 2015"
Chandigarh,2016,1182504,31549,0.07,0.13,25,25,2016,"Calendar Year (Jan - Dec), 2016"
West Bengal,2016,74460250,1528700,4.61,6.19,8,5,2016,"Calendar Year (Jan - Dec), 2016"
Uttarakhand,2016,30505363,117106,1.89,0.47,13,20,2016,"Calendar Year (Jan - Dec), 2016"
Uttar Pradesh,2016,211707090,3156812,13.12,12.78,2,3,2016,"Calendar Year (Jan - Dec), 2016"
Tripura,2016,370618,36780,0.02,0.15,32,24,2016,"Calendar Year (Jan - Dec), 2016"
Telangana,2016,95160830,166570,5.9,0.67,7,18,2016,"Calendar Year (Jan - Dec), 2016"
Tamil Nadu,2016,343812413,4721978,21.31,19.11,1,1,2016,"Calendar Year (Jan - Dec), 2016"
Sikkim,2016,747343,66012,0.05,0.27,28,22,2016,"Calendar Year (Jan - Dec), 2016"
Rajasthan,2016,41495115,1513729,2.57,6.13,10,6,2016,"Calendar Year (Jan - Dec), 2016"
Punjab,2016,38703326,659736,2.4,2.67,11,10,2016,"Calendar Year (Jan - Dec), 2016"
Puducherry,2016,1398289,117437,0.09,0.48,24,19,2016,"Calendar Year (Jan - Dec), 2016"
Odisha,2016,12842766,76361,0.8,0.31,19,21,2016,"Calendar Year (Jan - Dec), 2016"
Nagaland,2016,58178,3260,0,0.01,35,32,2016,"Calendar Year (Jan - Dec), 2016"
Mizoram,2016,67238,942,0,0,34,35,2016,"Calendar Year (Jan - Dec), 2016"
Meghalaya,2016,830887,8476,0.05,0.03,26,29,2016,"Calendar Year (Jan - Dec), 2016"
Manipur,2016,150638,3064,0.01,0.01,33,33,2016,"Calendar Year (Jan - Dec), 2016"
Maharashtra,2016,116515800,4670048,7.22,18.9,6,2,2016,"Calendar Year (Jan - Dec), 2016"
Madhya Pradesh,2016,150490339,363195,9.33,1.47,4,13,2016,"Calendar Year (Jan - Dec), 2016"
Lakshadweep,2016,8716,753,0,0,36,36,2016,"Calendar Year (Jan - Dec), 2016"
Kerala,2016,13172536,1038419,0.82,4.2,18,7,2016,"Calendar Year (Jan - Dec), 2016"
Karnataka,2016,129762600,461752,8.04,1.87,5,11,2016,"Calendar Year (Jan - Dec), 2016"
Jammu & Kashmir,2016,9414579,63207,0.58,0.26,20,23,2016,"Calendar Year (Jan - Dec), 2016"
Jharkhand,2016,33389286,169442,2.07,0.69,12,17,2016,"Calendar Year (Jan - Dec), 2016"
Himachal Pradesh,2016,17997750,452770,1.12,1.83,16,12,2016,"Calendar Year (Jan - Dec), 2016"
Haryana,2016,7382995,331291,0.46,1.34,21,16,2016,"Calendar Year (Jan - Dec), 2016"
Gujarat,2016,42252909,343752,2.62,1.39,9,14,2016,"Calendar Year (Jan - Dec), 2016"
Goa,2016,5650061,680683,0.35,2.75,22,9,2016,"Calendar Year (Jan - Dec), 2016"
Delhi,2016,28460832,2520083,1.76,10.2,15,4,2016,"Calendar Year (Jan - Dec), 2016"
Daman & Diu,2016,826201,5669,0.05,0.02,27,31,2016,"Calendar Year (Jan - Dec), 2016"
Dadra & Nagar Haveli,2016,589074,1891,0.04,0.01,29,34,2016,"Calendar Year (Jan - Dec), 2016"
Chhattisgarh,2016,16534471,9220,1.02,0.04,17,28,2016,"Calendar Year (Jan - Dec), 2016"
Bihar,2016,28516127,1010531,1.77,4.09,14,8,2016,"Calendar Year (Jan - Dec), 2016"
Assam,2016,5160599,12685,0.32,0.05,23,27,2016,"Calendar Year (Jan - Dec), 2016"
Arunachal Pradesh,2016,385875,6598,0.02,0.03,30,30,2016,"Calendar Year (Jan - Dec), 2016"
Andhra Pradesh,2016,153163354,341764,9.49,1.38,3,15,2016,"Calendar Year (Jan - Dec), 2016"
A&N Island,2016,384552,15466,0.02,0.06,31,26,2016,"Calendar Year (Jan - Dec), 2016"
Andhra Pradesh,2017,165433898,271362,10.01,1.01,4,15,2017,"Calendar Year (Jan - Dec), 2017"
West Bengal,2017,79687645,1574915,4.82,5.86,7,6,2017,"Calendar Year (Jan - Dec), 2017"
Uttarakhand,2017,34359989,133725,2.08,0.5,12,19,2017,"Calendar Year (Jan - Dec), 2017"
Uttar Pradesh,2017,233977619,3556204,14.16,13.23,2,3,2017,"Calendar Year (Jan - Dec), 2017"
Tripura,2017,398669,69899,0.02,0.26,32,23,2017,"Calendar Year (Jan - Dec), 2017"
Telangana,2017,85266596,251846,5.16,0.94,6,16,2017,"Calendar Year (Jan - Dec), 2017"
Tamil Nadu,2017,345061140,4860455,20.88,18.08,1,2,2017,"Calendar Year (Jan - Dec), 2017"
Sikkim,2017,1375854,49111,0.08,0.18,26,24,2017,"Calendar Year (Jan - Dec), 2017"
Rajasthan,2017,45916573,1609963,2.78,5.99,10,5,2017,"Calendar Year (Jan - Dec), 2017"
Punjab,2017,40293352,1108635,2.44,4.12,11,7,2017,"Calendar Year (Jan - Dec), 2017"
Puducherry,2017,1531972,131407,0.09,0.49,24,20,2017,"Calendar Year (Jan - Dec), 2017"
Odisha,2017,14011229,100014,0.85,0.37,19,21,2017,"Calendar Year (Jan - Dec), 2017"
Nagaland,2017,63362,4166,0,0.02,35,32,2017,"Calendar Year (Jan - Dec), 2017"
Mizoram,2017,67772,1155,0,0,34,35,2017,"Calendar Year (Jan - Dec), 2017"
Meghalaya,2017,990856,12051,0.06,0.04,27,28,2017,"Calendar Year (Jan - Dec), 2017"
Manipur,2017,153454,3497,0.01,0.01,33,33,2017,"Calendar Year (Jan - Dec), 2017"
Maharashtra,2017,119191539,5078514,7.21,18.89,5,1,2017,"Calendar Year (Jan - Dec), 2017"
Madhya Pradesh,2017,78038522,359119,4.72,1.34,8,14,2017,"Calendar Year (Jan - Dec), 2017"
Lakshadweep,2017,6620,1027,0,0,36,36,2017,"Calendar Year (Jan - Dec), 2017"
Kerala,2017,14673520,1091870,0.89,4.06,17,8,2017,"Calendar Year (Jan - Dec), 2017"
Karnataka,2017,179980191,498148,10.89,1.85,3,11,2017,"Calendar Year (Jan - Dec), 2017"
Jammu & Kashmir,2017,14235473,79765,0.86,0.3,18,22,2017,"Calendar Year (Jan - Dec), 2017"
Jharkhand,2017,33723185,170987,2.04,0.64,13,18,2017,"Calendar Year (Jan - Dec), 2017"
Himachal Pradesh,2017,19130541,470992,1.16,1.75,16,12,2017,"Calendar Year (Jan - Dec), 2017"
Haryana,2017,6050325,193381,0.37,0.72,23,17,2017,"Calendar Year (Jan - Dec), 2017"
Gujarat,2017,48343131,448853,2.93,1.67,9,13,2017,"Calendar Year (Jan - Dec), 2017"
Goa,2017,6895234,842220,0.42,3.13,21,10,2017,"Calendar Year (Jan - Dec), 2017"
Delhi,2017,29114423,2740502,1.76,10.19,15,4,2017,"Calendar Year (Jan - Dec), 2017"
Daman & Diu,2017,858131,5535,0.05,0.02,28,31,2017,"Calendar Year (Jan - Dec), 2017"
Dadra & Nagar Haveli,2017,614182,1908,0.04,0.01,29,34,2017,"Calendar Year (Jan - Dec), 2017"
Chhattisgarh,2017,12231935,6655,0.74,0.02,20,30,2017,"Calendar Year (Jan - Dec), 2017"
A&N Island,2017,471919,15313,0.03,0.06,30,27,2017,"Calendar Year (Jan - Dec), 2017"
Chandigarh,2017,1425781,31832,0.09,0.12,25,25,2017,"Calendar Year (Jan - Dec), 2017"
Bihar,2017,32414063,1082705,1.96,4.03,14,9,2017,"Calendar Year (Jan - Dec), 2017"
Assam,2017,6052667,21760,0.37,0.08,22,26,2017,"Calendar Year (Jan - Dec), 2017"
Arunachal Pradesh,2017,444005,7147,0.03,0.03,31,29,2017,"Calendar Year (Jan - Dec), 2017"
Meghalaya,2018,1198340,18114,0.06,0.06,27,27,2018,"Calendar Year (Jan - Dec), 2018"
West Bengal,2018,85657365,1617105,4.62,5.6,7,6,2018,"Calendar Year (Jan - Dec), 2018"
Haryana,2019,4549017,48046,0.2,0.15,23,24,2019,"Calendar Year (Jan - Dec), 2019"
Uttarakhand,2018,35609650,151320,1.92,0.52,12,18,2018,"Calendar Year (Jan - Dec), 2018"
Uttar Pradesh,2018,285079848,3780752,15.37,13.09,2,3,2018,"Calendar Year (Jan - Dec), 2018"
Tripura,2018,414388,102861,0.02,0.36,32,22,2018,"Calendar Year (Jan - Dec), 2018"
Telangana,2018,92878329,318154,5.01,1.1,6,15,2018,"Calendar Year (Jan - Dec), 2018"
Tamil Nadu,2018,385909376,6074345,20.8,21.04,1,1,2018,"Calendar Year (Jan - Dec), 2018"
Sikkim,2018,1426127,71172,0.08,0.25,26,24,2018,"Calendar Year (Jan - Dec), 2018"
Rajasthan,2018,50235643,1754348,2.71,6.08,10,5,2018,"Calendar Year (Jan - Dec), 2018"
Punjab,2018,44595061,1200969,2.4,4.16,11,7,2018,"Calendar Year (Jan - Dec), 2018"
Puducherry,2018,1616660,141133,0.09,0.49,24,19,2018,"Calendar Year (Jan - Dec), 2018"
Odisha,2018,15208540,110818,0.02,0.38,20,21,2018,"Calendar Year (Jan - Dec), 2018"
Nagaland,2018,101588,5010,0.01,0.02,34,33,2018,"Calendar Year (Jan - Dec), 2018"
Mizoram,2018,76551,967,0,0,35,36,2018,"Calendar Year (Jan - Dec), 2018"
Manipur,2018,176109,6391,0.01,0.02,33,31,2018,"Calendar Year (Jan - Dec), 2018"
Maharashtra,2018,119191539,5078514,6.43,17.59,5,2,2018,"Calendar Year (Jan - Dec), 2018"
Madhya Pradesh,2018,83969799,375476,4.53,1.3,8,13,2018,"Calendar Year (Jan - Dec), 2018"
Lakshadweep,2018,10435,1313,0,0,36,35,2018,"Calendar Year (Jan - Dec), 2018"
Kerala,2018,15604661,1096407,0.84,3.8,19,8,2018,"Calendar Year (Jan - Dec), 2018"
Karnataka,2018,214306456,543716,11.55,1.88,3,11,2018,"Calendar Year (Jan - Dec), 2018"
Jammu & Kashmir,2018,17076315,139520,0.92,0.48,17,20,2018,"Calendar Year (Jan - Dec), 2018"
Jharkhand,2018,35408822,175801,1.91,0.61,13,17,2018,"Calendar Year (Jan - Dec), 2018"
Himachal Pradesh,2018,16093935,356568,0.87,1.23,18,14,2018,"Calendar Year (Jan - Dec), 2018"
Haryana,2018,4888952,73977,0.26,0.26,23,23,2018,"Calendar Year (Jan - Dec), 2018"
Gujarat,2018,54369873,513113,2.93,1.78,9,12,2018,"Calendar Year (Jan - Dec), 2018"
Goa,2018,7081559,933841,0.38,3.23,21,10,2018,"Calendar Year (Jan - Dec), 2018"
Delhi,2018,29114423,2740502,1.57,9.49,15,4,2018,"Calendar Year (Jan - Dec), 2018"
Daman & Diu,2018,898824,5694,0.05,0.02,28,32,2018,"Calendar Year (Jan - Dec), 2018"
Dadra & Nagar Haveli,2018,609435,1608,0.03,0.01,29,34,2018,"Calendar Year (Jan - Dec), 2018"
Chhattisgarh,2018,19329501,14399,1.04,0.05,16,29,2018,"Calendar Year (Jan - Dec), 2018"
Chandigarh,2018,1538796,39681,0.08,0.14,25,25,2018,"Calendar Year (Jan - Dec), 2018"
Bihar,2018,33621613,1087971,1.81,3.77,14,9,2018,"Calendar Year (Jan - Dec), 2018"
Assam,2018,5856282,36846,0.32,0.13,22,26,2018,"Calendar Year (Jan - Dec), 2018"
Arunachal Pradesh,2018,512436,7653,0.03,0.03,30,30,2018,"Calendar Year (Jan - Dec), 2018"
Andhra Pradesh,2018,194767874,281083,10.5,0.97,4,16,2018,"Calendar Year (Jan - Dec), 2018"
A&N Island,2018,498279,15242,0.03,0.05,31,28,2018,"Calendar Year (Jan - Dec), 2018"
A&N Island,2019,505398,16206,0.02,0.05,31,29,2019,"Calendar Year (Jan - Dec), 2019"
West Bengal,2019,92366025,1656145,3.98,5.27,6,5,2019,"Calendar Year (Jan - Dec), 2019"
Uttarakhand,2019,37585920,152273,1.62,0.48,12,19,2019,"Calendar Year (Jan - Dec), 2019"
Uttar Pradesh,2019,535855162,4745181,23.08,15.11,1,3,2019,"Calendar Year (Jan - Dec), 2019"
Tripura,2019,437201,154405,0.02,0.49,32,18,2019,"Calendar Year (Jan - Dec), 2019"
Telangana,2019,83035894,323326,3.58,1.03,8,15,2019,"Calendar Year (Jan - Dec), 2019"
Tamil Nadu,2019,494865257,6866327,21.31,21.86,2,1,2019,"Calendar Year (Jan - Dec), 2019"
Sikkim,2019,1421823,133388,0.06,0.42,26,21,2019,"Calendar Year (Jan - Dec), 2019"
Rajasthan,2019,52220431,1605560,2.25,5.11,10,6,2019,"Calendar Year (Jan - Dec), 2019"
Punjab,2019,47385387,1101343,2.04,3.51,11,8,2019,"Calendar Year (Jan - Dec), 2019"
Puducherry,2019,1713248,149919,0.07,0.48,24,20,2019,"Calendar Year (Jan - Dec), 2019"
Odisha,2019,15307637,115128,0.66,0.37,20,22,2019,"Calendar Year (Jan - Dec), 2019"
Nagaland,2019,125949,5577,0.01,0.02,36,34,2019,"Calendar Year (Jan - Dec), 2019"
Mizoram,2019,163762,2249,0.01,0.01,35,35,2019,"Calendar Year (Jan - Dec), 2019"
Meghalaya,2019,1245633,25813,0.05,0.08,27,28,2019,"Calendar Year (Jan - Dec), 2019"
Manipur,2019,167560,13608,0.01,0.04,34,30,2019,"Calendar Year (Jan - Dec), 2019"
Maharashtra,2019,149294703,5528704,6.43,17.6,5,2,2019,"Calendar Year (Jan - Dec), 2019"
Madhya Pradesh,2019,88707139,327958,3.82,1.04,7,14,2019,"Calendar Year (Jan - Dec), 2019"
Leh Ladakh,2019,241285,38652,0.01,0.12,33,26,2019,"Calendar Year (Jan - Dec), 2019"
Lakshadweep,2019,6985,820,0,0,37,37,2019,"Calendar Year (Jan - Dec), 2019"
Kerala,2019,18384233,1189771,0.79,3.79,16,7,2019,"Calendar Year (Jan - Dec), 2019"
Karnataka,2019,227934714,608754,9.82,1.94,4,11,2019,"Calendar Year (Jan - Dec), 2019"
Jammu & Kashmir,2019,16163330,57920,0.7,0.18,19,23,2019,"Calendar Year (Jan - Dec), 2019"
Jharkhand,2019,35580768,176043,1.53,0.56,14,17,2019,"Calendar Year (Jan - Dec), 2019"
Himachal Pradesh,2019,16829231,382876,0.72,1.22,18,13,2019,"Calendar Year (Jan - Dec), 2019"
Gujarat,2019,58864661,595607,2.54,1.9,9,12,2019,"Calendar Year (Jan - Dec), 2019"
Goa,2019,7127287,937113,0.31,2.98,21,10,2019,"Calendar Year (Jan - Dec), 2019"
Delhi,2019,36467598,2983436,1.57,9.5,13,4,2019,"Calendar Year (Jan - Dec), 2019"
Daman & Diu,2019,897804,5703,0.04,0.02,28,33,2019,"Calendar Year (Jan - Dec), 2019"
Dadra & Nagar Haveli,2019,618330,1666,0.03,0.01,29,36,2019,"Calendar Year (Jan - Dec), 2019"
Chhattisgarh,2019,17304506,6817,0.75,0.02,17,32,2019,"Calendar Year (Jan - Dec), 2019"
Chandigarh,2019,1563795,44132,0.07,0.14,25,25,2019,"Calendar Year (Jan - Dec), 2019"
Bihar,2019,33990038,1093141,1.46,3.48,15,9,2019,"Calendar Year (Jan - Dec), 2019"
Assam,2019,5447805,26878,0.23,0.09,22,27,2019,"Calendar Year (Jan - Dec), 2019"
Arunachal Pradesh,2019,555639,7825,0.02,0.02,30,31,2019,"Calendar Year (Jan - Dec), 2019"
Andhra Pradesh,2019,237051508,280356,10.21,0.89,3,16,2019,"Calendar Year (Jan - Dec), 2019"
Haryana,2020,2114731,17474,0.35,0.24,22,21,2020,"Calendar Year (Jan - Dec), 2020"
West Bengal,2020,28841732,463285,4.73,6.46,7,5,2020,"Calendar Year (Jan - Dec), 2020"
Uttarakhand,2020,7005264,41339,1.15,0.58,13,18,2020,"Calendar Year (Jan - Dec), 2020"
Uttar Pradesh,2020,86122293,890932,14.11,12.42,2,3,2020,"Calendar Year (Jan - Dec), 2020"
Tripura,2020,127815,31877,0.02,0.44,29,19,2020,"Calendar Year (Jan - Dec), 2020"
Telangana,2020,39997001,46694,6.55,0.65,5,16,2020,"Calendar Year (Jan - Dec), 2020"
Tamil Nadu,2020,140651241,1228323,23.05,17.13,1,2,2020,"Calendar Year (Jan - Dec), 2020"
Sikkim,2020,316408,19935,0.05,0.28,26,20,2020,"Calendar Year (Jan - Dec), 2020"
Rajasthan,2020,15117239,446457,2.48,6.23,11,6,2020,"Calendar Year (Jan - Dec), 2020"
Punjab,2020,16692197,359114,2.74,5.01,10,7,2020,"Calendar Year (Jan - Dec), 2020"
Puducherry,2020,1114942,92080,0.18,1.28,24,14,2020,"Calendar Year (Jan - Dec), 2020"
Odisha,2020,4622273,10206,0.76,0.14,16,23,2020,"Calendar Year (Jan - Dec), 2020"
Nagaland,2020,10979,518,0,0.01,35,33,2020,"Calendar Year (Jan - Dec), 2020"
Mizoram,2020,30890,265,0.01,0,33,36,2020,"Calendar Year (Jan - Dec), 2020"
Meghalaya,2020,24734,2311,0,0.03,34,29,2020,"Calendar Year (Jan - Dec), 2020"
Manipur,2020,49669,3139,0.01,0.04,31,27,2020,"Calendar Year (Jan - Dec), 2020"
Maharashtra,2020,39234591,1262409,6.43,17.6,6,1,2020,"Calendar Year (Jan - Dec), 2020"
Madhya Pradesh,2020,23519632,99819,3.85,1.39,8,13,2020,"Calendar Year (Jan - Dec), 2020"
Leh Ladakh,2020,6743,1126,0,0.02,36,31,2020,"Calendar Year (Jan - Dec), 2020"
Lakshadweep,2020,3462,413,0,0.01,37,35,2020,"Calendar Year (Jan - Dec), 2020"
Kerala,2020,4988972,340755,0.82,4.75,15,8,2020,"Calendar Year (Jan - Dec), 2020"
Karnataka,2020,77453339,165325,12.69,2.31,3,12,2020,"Calendar Year (Jan - Dec), 2020"
Jammu & Kashmir,2020,2519524,5317,0.41,0.07,21,26,2020,"Calendar Year (Jan - Dec), 2020"
Jharkhand,2020,2574704,490,0.42,0.01,20,34,2020,"Calendar Year (Jan - Dec), 2020"
Himachal Pradesh,2020,3170714,42665,0.52,0.59,18,17,2020,"Calendar Year (Jan - Dec), 2020"
Gujarat,2020,19464517,210047,3.19,2.93,9,11,2020,"Calendar Year (Jan - Dec), 2020"
Goa,2020,3258715,302751,0.53,4.22,17,10,2020,"Calendar Year (Jan - Dec), 2020"
Delhi,2020,9583671,681230,1.57,9.5,12,4,2020,"Calendar Year (Jan - Dec), 2020"
Daman & Diu,2020,297436,1382,0.05,0.02,27,30,2020,"Calendar Year (Jan - Dec), 2020"
Dadra & Nagar Haveli,2020,104959,222,0.02,0,30,37,2020,"Calendar Year (Jan - Dec), 2020"
Chhattisgarh,2020,2810227,2322,0.46,0.03,19,28,2020,"Calendar Year (Jan - Dec), 2020"
Chandigarh,2020,417953,12218,0.07,0.17,25,22,2020,"Calendar Year (Jan - Dec), 2020"
Bihar,2020,5638024,308080,0.92,4.3,14,9,2020,"Calendar Year (Jan - Dec), 2020"
Assam,2020,1266898,7285,0.21,0.1,23,24,2020,"Calendar Year (Jan - Dec), 2020"
Arunachal Pradesh,2020,42871,961,0.01,0.01,32,32,2020,"Calendar Year (Jan - Dec), 2020"
Andhra Pradesh,2020,70828590,67591,11.61,0.94,4,15,2020,"Calendar Year (Jan - Dec), 2020"
A&N Island,2020,191207,5412,0.03,0.08,28,25,2020,"Calendar Year (Jan - Dec), 2020"
Arunachal Pradesh,2021,102915,182,0.02,0.02,33,32,2021,"Calendar Year (Jan - Dec), 2021"
Nagaland,2021,23968,325,0,0.03,36,29,2021,"Calendar Year (Jan - Dec), 2021"
Mizoram,2021,87232,234,0.01,0.02,34,31,2021,"Calendar Year (Jan - Dec), 2021"
Meghalaya,2021,154409,411,0.02,0.04,31,28,2021,"Calendar Year (Jan - Dec), 2021"
A&N Island,2021,126238,1687,0.02,0.16,32,21,2021,"Calendar Year (Jan - Dec), 2021"
Manipur,2021,49371,648,0.01,0.06,35,26,2021,"Calendar Year (Jan - Dec), 2021"
Maharashtra,2021,43569238,185643,6.43,17.6,5,2,2021,"Calendar Year (Jan - Dec), 2021"
Madhya Pradesh,2021,25554067,41601,3.77,3.94,8,8,2021,"Calendar Year (Jan - Dec), 2021"
Leh Ladakh,2021,303023,1054,0.04,0.1,27,24,2021,"Calendar Year (Jan - Dec), 2021"
Lakshadweep,2021,13500,4,0,0,37,37,2021,"Calendar Year (Jan - Dec), 2021"
Kerala,2021,7537617,60487,1.11,5.74,15,5,2021,"Calendar Year (Jan - Dec), 2021"
Karnataka,2021,81333659,72487,12,6.87,4,4,2021,"Calendar Year (Jan - Dec), 2021"
Jharkhand,2021,3383642,1637,0.5,0.16,19,23,2021,"Calendar Year (Jan - Dec), 2021"
Jammu & Kashmir,2021,11314920,1650,1.67,0.16,13,22,2021,"Calendar Year (Jan - Dec), 2021"
Andhra Pradesh,2021,93277569,27551,13.77,2.61,3,11,2021,"Calendar Year (Jan - Dec), 2021"
Himachal Pradesh,2021,5632270,4932,0.83,0.47,16,18,2021,"Calendar Year (Jan - Dec), 2021"
Haryana,2021,2025450,4578,0.3,0.43,22,19,2021,"Calendar Year (Jan - Dec), 2021"
Gujarat,2021,24525210,11319,3.62,1.07,9,14,2021,"Calendar Year (Jan - Dec), 2021"
Goa,2021,3308089,22128,0.49,2.1,20,12,2021,"Calendar Year (Jan - Dec), 2021"
Delhi,2021,10642477,100178,1.57,9.5,14,3,2021,"Calendar Year (Jan - Dec), 2021"
Daman & Diu,2021,463420,105,0.07,0.01,26,33,2021,"Calendar Year (Jan - Dec), 2021"
Dadra & Nagar Haveli,2021,197802,80,0.03,0.01,29,34,2021,"Calendar Year (Jan - Dec), 2021"
Chhattisgarh,2021,4747417,8,0.7,0,17,35,2021,"Calendar Year (Jan - Dec), 2021"
Chandigarh,2021,228809,5451,0.03,0.52,28,17,2021,"Calendar Year (Jan - Dec), 2021"
Bihar,2021,2501193,1046,0.37,0.1,21,25,2021,"Calendar Year (Jan - Dec), 2021"
Assam,2021,1409161,536,0.21,0.05,23,27,2021,"Calendar Year (Jan - Dec), 2021"
